,Predictions,Labels
0,1,positive
1,1,positive
2,0,negative
3,0,negative
4,1,positive
5,1,positive
6,1,positive
7,0,negative
8,1,positive
9,1,positive
10,0,negative
11,1,positive
12,1,positive
13,1,positive
14,1,positive
15,1,positive
16,1,positive
17,0,negative
18,1,positive
19,0,negative
20,0,negative
21,0,negative
22,0,negative
23,1,positive
24,1,positive
25,1,positive
26,0,negative
27,1,positive
28,0,negative
29,0,negative
30,0,negative
31,1,positive
32,1,positive
33,0,negative
34,1,positive
35,0,negative
36,1,positive
37,0,negative
38,0,negative
39,0,negative
40,0,negative
41,1,positive
42,0,negative
43,0,negative
44,0,negative
45,0,negative
46,0,negative
47,1,positive
48,1,positive
49,1,positive
50,1,positive
51,0,negative
52,1,positive
53,0,negative
54,0,negative
55,0,negative
56,1,positive
57,0,negative
58,1,positive
59,0,negative
60,0,negative
61,1,positive
62,1,positive
63,0,negative
64,1,positive
65,0,negative
66,1,positive
67,1,positive
68,0,negative
69,0,negative
70,0,negative
71,0,negative
72,0,negative
73,1,positive
74,1,positive
75,1,positive
76,0,negative
77,1,positive
78,1,positive
79,0,negative
80,0,negative
81,1,positive
82,0,negative
83,0,negative
84,1,positive
85,1,positive
86,1,positive
87,0,negative
88,0,negative
89,0,negative
90,0,negative
91,0,negative
92,0,negative
93,0,negative
94,0,negative
95,1,positive
96,1,positive
97,0,negative
98,1,positive
99,1,positive
100,0,negative
101,0,negative
102,1,positive
103,0,negative
104,0,negative
105,0,negative
106,0,negative
107,0,negative
108,1,positive
109,1,positive
110,0,negative
111,0,negative
112,0,negative
113,1,positive
114,0,negative
115,0,negative
116,0,negative
117,0,negative
118,0,negative
119,1,positive
120,0,negative
121,1,positive
122,1,positive
123,0,negative
124,0,negative
125,0,negative
126,0,negative
127,1,positive
128,1,positive
129,1,positive
130,0,negative
131,0,negative
132,0,negative
133,0,negative
134,1,positive
135,1,positive
136,0,negative
137,0,negative
138,1,positive
139,1,positive
140,0,negative
141,0,negative
142,1,positive
143,1,positive
144,1,positive
145,1,positive
146,0,negative
147,1,positive
148,0,negative
149,0,negative
150,0,negative
151,0,negative
152,0,negative
153,0,negative
154,1,positive
155,0,negative
156,1,positive
157,0,negative
158,1,positive
159,1,positive
160,1,positive
161,1,positive
162,0,negative
163,1,positive
164,0,negative
165,0,negative
166,0,negative
167,0,negative
168,1,positive
169,1,positive
170,0,negative
171,1,positive
172,1,positive
173,1,positive
174,0,negative
175,1,positive
176,0,negative
177,1,positive
178,0,negative
179,0,negative
180,0,negative
181,1,positive
182,1,positive
183,0,negative
184,0,negative
185,1,positive
186,0,negative
187,0,negative
188,0,negative
189,1,positive
190,1,positive
191,0,negative
192,1,positive
193,0,negative
194,0,negative
195,0,negative
196,1,positive
197,1,positive
198,0,negative
199,0,negative
200,0,negative
201,1,positive
202,1,positive
203,0,negative
204,0,negative
205,0,negative
206,0,negative
207,0,negative
208,0,negative
209,0,negative
210,1,positive
211,0,negative
212,0,negative
213,1,positive
214,1,positive
215,0,negative
216,1,positive
217,0,negative
218,1,positive
219,0,negative
220,1,positive
221,1,positive
222,0,negative
223,0,negative
224,0,negative
225,0,negative
226,0,negative
227,1,positive
228,0,negative
229,0,negative
230,0,negative
231,1,positive
232,1,positive
233,1,positive
234,1,positive
235,0,negative
236,1,positive
237,0,negative
238,1,positive
239,1,positive
240,1,positive
241,0,negative
242,0,negative
243,1,positive
244,1,positive
245,1,positive
246,1,positive
247,1,positive
248,1,positive
249,0,negative
250,0,negative
251,0,negative
252,0,negative
253,0,negative
254,1,positive
255,0,negative
256,1,positive
257,1,positive
258,1,positive
259,1,positive
260,1,positive
261,0,negative
262,1,positive
263,0,negative
264,1,positive
265,0,negative
266,1,positive
267,0,negative
268,0,negative
269,0,negative
270,0,negative
271,1,positive
272,0,negative
273,0,negative
274,0,negative
275,0,negative
276,0,negative
277,1,positive
278,0,negative
279,1,positive
280,1,positive
281,1,positive
282,0,negative
283,1,positive
284,1,positive
285,1,positive
286,0,negative
287,0,negative
288,0,negative
289,0,negative
290,0,negative
291,0,negative
292,0,negative
293,1,positive
294,0,negative
295,0,negative
296,0,negative
297,1,positive
298,0,negative
299,1,positive
300,0,negative
301,1,positive
302,0,negative
303,0,negative
304,0,negative
305,1,positive
306,1,positive
307,0,negative
308,0,negative
309,0,negative
310,1,positive
311,1,positive
312,1,positive
313,0,negative
314,1,positive
315,1,positive
316,1,positive
317,0,negative
318,1,positive
319,0,negative
320,1,positive
321,1,positive
322,1,positive
323,0,negative
324,1,positive
325,1,positive
326,1,positive
327,0,negative
328,1,positive
329,0,negative
330,0,negative
331,1,positive
332,0,negative
333,1,positive
334,0,negative
335,1,positive
336,1,positive
337,0,negative
338,0,negative
339,1,positive
340,0,negative
341,0,negative
342,0,negative
343,0,negative
344,1,positive
345,1,positive
346,1,positive
347,0,negative
348,0,negative
349,1,positive
350,1,positive
351,1,positive
352,0,negative
353,1,positive
354,1,positive
355,1,positive
356,0,negative
357,0,negative
358,0,negative
359,1,positive
360,0,negative
361,0,negative
362,1,positive
363,0,negative
364,0,negative
365,0,negative
366,1,positive
367,1,positive
368,0,negative
369,1,positive
370,1,positive
371,0,negative
372,1,positive
373,1,positive
374,1,positive
375,0,negative
376,0,negative
377,1,positive
378,0,negative
379,0,negative
380,0,negative
381,0,negative
382,1,positive
383,1,positive
384,0,negative
385,0,negative
386,1,positive
387,0,negative
388,1,positive
389,0,negative
390,1,positive
391,0,negative
392,0,negative
393,0,negative
394,0,negative
395,0,negative
396,0,negative
397,0,negative
398,1,positive
399,0,negative
400,1,positive
401,1,positive
402,1,positive
403,0,negative
404,0,negative
405,0,negative
406,0,negative
407,1,positive
408,1,positive
409,0,negative
410,0,negative
411,1,positive
412,0,negative
413,1,positive
414,1,positive
415,0,negative
416,0,negative
417,1,positive
418,1,positive
419,1,positive
420,1,positive
421,1,positive
422,0,negative
423,1,positive
424,0,negative
425,0,negative
426,0,negative
427,0,negative
428,1,positive
429,1,positive
430,0,negative
431,0,negative
432,0,negative
433,0,negative
434,1,positive
435,0,negative
436,1,positive
437,1,positive
438,0,negative
439,0,negative
440,0,negative
441,0,negative
442,1,positive
443,0,negative
444,0,negative
445,1,positive
446,0,negative
447,1,positive
448,0,negative
449,1,positive
450,0,negative
451,1,positive
452,1,positive
453,0,negative
454,0,negative
455,1,positive
456,1,positive
457,0,negative
458,1,positive
459,0,negative
460,1,positive
461,0,negative
462,0,negative
463,0,negative
464,1,positive
465,1,positive
466,0,negative
467,1,positive
468,0,negative
469,0,negative
470,0,negative
471,1,positive
472,0,negative
473,0,negative
474,0,negative
475,1,positive
476,1,positive
477,1,positive
478,1,positive
479,0,negative
480,0,negative
481,1,positive
482,0,negative
483,0,negative
484,0,negative
485,0,negative
486,1,positive
487,0,negative
488,0,negative
489,0,negative
490,0,negative
491,1,positive
492,0,negative
493,0,negative
494,0,negative
495,0,negative
496,0,negative
497,0,negative
498,0,negative
499,0,negative
500,1,positive
501,1,positive
502,1,positive
503,1,positive
504,1,positive
505,0,negative
506,1,positive
507,0,negative
508,0,negative
509,1,positive
510,0,negative
511,0,negative
512,0,negative
513,1,positive
514,0,negative
515,0,negative
516,0,negative
517,0,negative
518,0,negative
519,0,negative
520,1,positive
521,0,negative
522,1,positive
523,1,positive
524,1,positive
525,0,negative
526,0,negative
527,0,negative
528,0,negative
529,0,negative
530,0,negative
531,0,negative
532,1,positive
533,1,positive
534,0,negative
535,1,positive
536,0,negative
537,0,negative
538,0,negative
539,1,positive
540,1,positive
541,0,negative
542,1,positive
543,0,negative
544,1,positive
545,1,positive
546,1,positive
547,0,negative
548,1,positive
549,0,negative
550,0,negative
551,0,negative
552,1,positive
553,1,positive
554,1,positive
555,1,positive
556,1,positive
557,0,negative
558,0,negative
559,1,positive
560,1,positive
561,0,negative
562,0,negative
563,1,positive
564,1,positive
565,0,negative
566,1,positive
567,1,positive
568,0,negative
569,1,positive
570,0,negative
571,0,negative
572,1,positive
573,1,positive
574,0,negative
575,0,negative
576,1,positive
577,1,positive
578,1,positive
579,0,negative
580,0,negative
581,0,negative
582,0,negative
583,1,positive
584,0,negative
585,0,negative
586,0,negative
587,0,negative
588,1,positive
589,0,negative
590,0,negative
591,0,negative
592,0,negative
593,0,negative
594,0,negative
595,1,positive
596,1,positive
597,1,positive
598,0,negative
599,1,positive
600,1,positive
601,0,negative
602,1,positive
603,0,negative
604,0,negative
605,0,negative
606,0,negative
607,0,negative
608,0,negative
609,1,positive
610,0,negative
611,1,positive
612,1,positive
613,0,negative
614,0,negative
615,1,positive
616,0,negative
617,1,positive
618,0,negative
619,1,positive
620,0,negative
621,0,negative
622,1,positive
623,1,positive
624,1,positive
625,1,positive
626,0,negative
627,0,negative
628,0,negative
629,1,positive
630,1,positive
631,1,positive
632,0,negative
633,0,negative
634,1,positive
635,0,negative
636,0,negative
637,1,positive
638,0,negative
639,0,negative
640,0,negative
641,1,positive
642,1,positive
643,0,negative
644,0,negative
645,0,negative
646,0,negative
647,0,negative
648,1,positive
649,0,negative
650,0,negative
651,0,negative
652,1,positive
653,1,positive
654,1,positive
655,1,positive
656,1,positive
657,1,positive
658,0,negative
659,1,positive
660,1,positive
661,1,positive
662,1,positive
663,1,positive
664,0,negative
665,0,negative
666,0,negative
667,1,positive
668,0,negative
669,0,negative
670,0,negative
671,1,positive
672,1,positive
673,1,positive
674,0,negative
675,1,positive
676,1,positive
677,0,negative
678,0,negative
679,1,positive
680,0,negative
681,0,negative
682,0,negative
683,0,negative
684,1,positive
685,0,negative
686,1,positive
687,1,positive
688,0,negative
689,0,negative
690,0,negative
691,0,negative
692,1,positive
693,1,positive
694,0,negative
695,0,negative
696,0,negative
697,0,negative
698,0,negative
699,0,negative
700,0,negative
701,1,positive
702,0,negative
703,1,positive
704,0,negative
705,0,negative
706,0,negative
707,1,positive
708,0,negative
709,1,positive
710,0,negative
711,0,negative
712,0,negative
713,1,positive
714,0,negative
715,1,positive
716,1,positive
717,0,negative
718,0,negative
719,0,negative
720,0,negative
721,0,negative
722,1,positive
723,0,negative
724,1,positive
725,0,negative
726,1,positive
727,0,negative
728,1,positive
729,1,positive
730,0,negative
731,0,negative
732,1,positive
733,0,negative
734,0,negative
735,0,negative
736,0,negative
737,0,negative
738,0,negative
739,0,negative
740,0,negative
741,0,negative
742,0,negative
743,0,negative
744,1,positive
745,0,negative
746,1,positive
747,1,positive
748,0,negative
749,1,positive
750,1,positive
751,1,positive
752,1,positive
753,1,positive
754,0,negative
755,0,negative
756,0,negative
757,1,positive
758,0,negative
759,1,positive
760,1,positive
761,0,negative
762,1,positive
763,0,negative
764,0,negative
765,1,positive
766,0,negative
767,1,positive
768,1,positive
769,1,positive
770,1,positive
771,0,negative
772,1,positive
773,0,negative
774,0,negative
775,1,positive
776,1,positive
777,0,negative
778,1,positive
779,1,positive
780,1,positive
781,0,negative
782,0,negative
783,0,negative
784,0,negative
785,0,negative
786,1,positive
787,1,positive
788,1,positive
789,0,negative
790,1,positive
791,0,negative
792,0,negative
793,0,negative
794,0,negative
795,1,positive
796,1,positive
797,1,positive
798,1,positive
799,0,negative
800,0,negative
801,1,positive
802,1,positive
803,1,positive
804,1,positive
805,1,positive
806,1,positive
807,1,positive
808,1,positive
809,0,negative
810,1,positive
811,0,negative
812,0,negative
813,1,positive
814,0,negative
815,0,negative
816,0,negative
817,0,negative
818,1,positive
819,1,positive
820,1,positive
821,1,positive
822,1,positive
823,0,negative
824,0,negative
825,0,negative
826,0,negative
827,0,negative
828,0,negative
829,0,negative
830,0,negative
831,0,negative
832,1,positive
833,1,positive
834,1,positive
835,0,negative
836,0,negative
837,0,negative
838,0,negative
839,0,negative
840,0,negative
841,0,negative
842,1,positive
843,1,positive
844,0,negative
845,0,negative
846,1,positive
847,1,positive
848,1,positive
849,1,positive
850,0,negative
851,1,positive
852,0,negative
853,1,positive
854,0,negative
855,0,negative
856,0,negative
857,0,negative
858,0,negative
859,0,negative
860,0,negative
861,0,negative
862,1,positive
863,1,positive
864,0,negative
865,0,negative
866,0,negative
867,0,negative
868,1,positive
869,0,negative
870,0,negative
871,0,negative
872,0,negative
873,0,negative
874,1,positive
875,1,positive
876,1,positive
877,0,negative
878,0,negative
879,0,negative
880,0,negative
881,0,negative
882,0,negative
883,0,negative
884,1,positive
885,1,positive
886,0,negative
887,0,negative
888,0,negative
889,1,positive
890,1,positive
891,0,negative
892,0,negative
893,0,negative
894,0,negative
895,0,negative
896,0,negative
897,0,negative
898,1,positive
899,0,negative
900,0,negative
901,0,negative
902,1,positive
903,0,negative
904,0,negative
905,0,negative
906,0,negative
907,0,negative
908,1,positive
909,1,positive
910,1,positive
911,0,negative
912,0,negative
913,0,negative
914,1,positive
915,0,negative
916,0,negative
917,1,positive
918,0,negative
919,1,positive
920,1,positive
921,0,negative
922,0,negative
923,1,positive
924,0,negative
925,0,negative
926,1,positive
927,1,positive
928,0,negative
929,1,positive
930,1,positive
931,0,negative
932,0,negative
933,0,negative
934,1,positive
935,0,negative
936,1,positive
937,0,negative
938,0,negative
939,0,negative
940,0,negative
941,0,negative
942,0,negative
943,0,negative
944,1,positive
945,0,negative
946,1,positive
947,0,negative
948,1,positive
949,0,negative
950,1,positive
951,1,positive
952,0,negative
953,0,negative
954,0,negative
955,0,negative
956,1,positive
957,0,negative
958,0,negative
959,0,negative
960,0,negative
961,0,negative
962,0,negative
963,0,negative
964,0,negative
965,0,negative
966,0,negative
967,0,negative
968,1,positive
969,0,negative
970,1,positive
971,0,negative
972,0,negative
973,0,negative
974,1,positive
975,1,positive
976,1,positive
977,1,positive
978,0,negative
979,0,negative
980,0,negative
981,1,positive
982,0,negative
983,0,negative
984,0,negative
985,0,negative
986,0,negative
987,0,negative
988,1,positive
989,0,negative
990,0,negative
991,1,positive
992,0,negative
993,0,negative
994,1,positive
995,1,positive
996,0,negative
997,0,negative
998,0,negative
999,0,negative
1000,0,negative
1001,0,negative
1002,0,negative
1003,0,negative
1004,0,negative
1005,0,negative
1006,0,negative
1007,1,positive
1008,0,negative
1009,0,negative
1010,1,positive
1011,1,positive
1012,0,negative
1013,0,negative
1014,0,negative
1015,0,negative
1016,1,positive
1017,0,negative
1018,0,negative
1019,1,positive
1020,0,negative
1021,0,negative
1022,0,negative
1023,1,positive
1024,0,negative
1025,0,negative
1026,1,positive
1027,0,negative
1028,0,negative
1029,1,positive
1030,1,positive
1031,0,negative
1032,0,negative
1033,0,negative
1034,0,negative
1035,0,negative
1036,0,negative
1037,0,negative
1038,0,negative
1039,1,positive
1040,0,negative
1041,0,negative
1042,0,negative
1043,0,negative
1044,0,negative
1045,0,negative
1046,1,positive
1047,0,negative
1048,0,negative
1049,1,positive
1050,1,positive
1051,0,negative
1052,1,positive
1053,0,negative
1054,1,positive
1055,0,negative
1056,0,negative
1057,0,negative
1058,1,positive
1059,1,positive
1060,0,negative
1061,1,positive
1062,0,negative
1063,0,negative
1064,0,negative
1065,0,negative
1066,0,negative
1067,0,negative
1068,1,positive
1069,1,positive
1070,0,negative
1071,0,negative
1072,0,negative
1073,1,positive
1074,1,positive
1075,0,negative
1076,0,negative
1077,0,negative
1078,1,positive
1079,0,negative
1080,1,positive
1081,1,positive
1082,1,positive
1083,1,positive
1084,0,negative
1085,0,negative
1086,1,positive
1087,0,negative
1088,1,positive
1089,1,positive
1090,0,negative
1091,0,negative
1092,0,negative
1093,0,negative
1094,0,negative
1095,1,positive
1096,0,negative
1097,0,negative
1098,0,negative
1099,0,negative
1100,0,negative
1101,1,positive
1102,0,negative
1103,0,negative
1104,0,negative
1105,0,negative
1106,1,positive
1107,1,positive
1108,1,positive
1109,1,positive
1110,0,negative
1111,0,negative
1112,1,positive
1113,0,negative
1114,1,positive
1115,0,negative
1116,0,negative
1117,0,negative
1118,0,negative
1119,0,negative
1120,1,positive
1121,1,positive
1122,1,positive
1123,0,negative
1124,0,negative
1125,1,positive
1126,1,positive
1127,1,positive
1128,0,negative
1129,0,negative
1130,1,positive
1131,0,negative
1132,1,positive
1133,1,positive
1134,1,positive
1135,1,positive
1136,0,negative
1137,1,positive
1138,0,negative
1139,1,positive
1140,1,positive
1141,0,negative
1142,0,negative
1143,0,negative
1144,1,positive
1145,0,negative
1146,0,negative
1147,1,positive
1148,1,positive
1149,0,negative
1150,1,positive
1151,0,negative
1152,0,negative
1153,1,positive
1154,1,positive
1155,0,negative
1156,1,positive
1157,0,negative
1158,0,negative
1159,0,negative
1160,1,positive
1161,0,negative
1162,0,negative
1163,1,positive
1164,0,negative
1165,1,positive
1166,1,positive
1167,0,negative
1168,0,negative
1169,0,negative
1170,1,positive
1171,1,positive
1172,1,positive
1173,0,negative
1174,0,negative
1175,1,positive
1176,0,negative
1177,0,negative
1178,0,negative
1179,0,negative
1180,1,positive
1181,0,negative
1182,0,negative
1183,1,positive
1184,1,positive
1185,0,negative
1186,0,negative
1187,1,positive
1188,0,negative
1189,1,positive
1190,1,positive
1191,0,negative
1192,1,positive
1193,1,positive
1194,0,negative
1195,1,positive
1196,0,negative
1197,0,negative
1198,0,negative
1199,0,negative
1200,0,negative
1201,0,negative
1202,1,positive
1203,1,positive
1204,1,positive
1205,0,negative
1206,0,negative
1207,0,negative
1208,1,positive
1209,1,positive
1210,1,positive
1211,0,negative
1212,0,negative
1213,1,positive
1214,0,negative
1215,0,negative
1216,1,positive
1217,1,positive
1218,0,negative
1219,0,negative
1220,1,positive
1221,0,negative
1222,0,negative
1223,0,negative
1224,0,negative
1225,1,positive
1226,1,positive
1227,1,positive
1228,1,positive
1229,0,negative
1230,1,positive
1231,0,negative
1232,0,negative
1233,0,negative
1234,0,negative
1235,0,negative
1236,0,negative
1237,0,negative
1238,1,positive
1239,0,negative
1240,0,negative
1241,1,positive
1242,1,positive
1243,0,negative
1244,0,negative
1245,1,positive
1246,1,positive
1247,1,positive
1248,0,negative
1249,1,positive
1250,0,negative
1251,1,positive
1252,0,negative
1253,0,negative
1254,1,positive
1255,1,positive
1256,0,negative
1257,1,positive
1258,0,negative
1259,0,negative
1260,0,negative
1261,0,negative
1262,0,negative
1263,0,negative
1264,0,negative
1265,0,negative
1266,1,positive
1267,1,positive
1268,0,negative
1269,0,negative
1270,0,negative
1271,1,positive
1272,0,negative
1273,1,positive
1274,1,positive
1275,0,negative
1276,0,negative
1277,0,negative
1278,1,positive
1279,0,negative
1280,0,negative
1281,0,negative
1282,0,negative
1283,0,negative
1284,1,positive
1285,1,positive
1286,0,negative
1287,0,negative
1288,0,negative
1289,1,positive
1290,0,negative
1291,0,negative
1292,0,negative
1293,1,positive
1294,0,negative
1295,0,negative
1296,1,positive
1297,0,negative
1298,1,positive
1299,1,positive
1300,1,positive
1301,0,negative
1302,1,positive
1303,1,positive
1304,0,negative
1305,0,negative
1306,0,negative
1307,0,negative
1308,1,positive
1309,0,negative
1310,1,positive
1311,0,negative
1312,1,positive
1313,0,negative
1314,0,negative
1315,0,negative
1316,0,negative
1317,0,negative
1318,1,positive
1319,0,negative
1320,1,positive
1321,1,positive
1322,0,negative
1323,1,positive
1324,1,positive
1325,1,positive
1326,0,negative
1327,1,positive
1328,0,negative
1329,1,positive
1330,0,negative
1331,0,negative
1332,0,negative
1333,0,negative
1334,0,negative
1335,0,negative
1336,0,negative
1337,0,negative
1338,0,negative
1339,1,positive
1340,1,positive
1341,1,positive
1342,0,negative
1343,0,negative
1344,1,positive
1345,0,negative
1346,1,positive
1347,1,positive
1348,0,negative
1349,0,negative
1350,1,positive
1351,0,negative
1352,0,negative
1353,1,positive
1354,1,positive
1355,0,negative
1356,1,positive
1357,0,negative
1358,1,positive
1359,1,positive
1360,1,positive
1361,1,positive
1362,1,positive
1363,1,positive
1364,1,positive
1365,1,positive
1366,0,negative
1367,0,negative
1368,0,negative
1369,1,positive
1370,0,negative
1371,0,negative
1372,1,positive
1373,0,negative
1374,1,positive
1375,0,negative
1376,1,positive
1377,0,negative
1378,0,negative
1379,1,positive
1380,1,positive
1381,0,negative
1382,1,positive
1383,0,negative
1384,1,positive
1385,0,negative
1386,1,positive
1387,1,positive
1388,0,negative
1389,1,positive
1390,0,negative
1391,1,positive
1392,0,negative
1393,0,negative
1394,1,positive
1395,0,negative
1396,0,negative
1397,1,positive
1398,1,positive
1399,0,negative
1400,0,negative
1401,0,negative
1402,1,positive
1403,0,negative
1404,0,negative
1405,0,negative
1406,0,negative
1407,1,positive
1408,1,positive
1409,0,negative
1410,1,positive
1411,0,negative
1412,1,positive
1413,0,negative
1414,0,negative
1415,0,negative
1416,1,positive
1417,0,negative
1418,0,negative
1419,1,positive
1420,1,positive
1421,0,negative
1422,1,positive
1423,0,negative
1424,0,negative
1425,1,positive
1426,0,negative
1427,1,positive
1428,1,positive
1429,1,positive
1430,0,negative
1431,0,negative
1432,1,positive
1433,0,negative
1434,0,negative
1435,0,negative
1436,1,positive
1437,0,negative
1438,1,positive
1439,0,negative
1440,0,negative
1441,0,negative
1442,1,positive
1443,0,negative
1444,0,negative
1445,1,positive
1446,1,positive
1447,0,negative
1448,0,negative
1449,1,positive
1450,1,positive
1451,1,positive
1452,0,negative
1453,0,negative
1454,1,positive
1455,0,negative
1456,1,positive
1457,1,positive
1458,1,positive
1459,1,positive
1460,1,positive
1461,0,negative
1462,0,negative
1463,1,positive
1464,0,negative
1465,0,negative
1466,1,positive
1467,0,negative
1468,1,positive
1469,0,negative
1470,0,negative
1471,1,positive
1472,1,positive
1473,1,positive
1474,0,negative
1475,0,negative
1476,0,negative
1477,1,positive
1478,0,negative
1479,1,positive
1480,0,negative
1481,0,negative
1482,0,negative
1483,0,negative
1484,1,positive
1485,1,positive
1486,0,negative
1487,0,negative
1488,0,negative
1489,0,negative
1490,0,negative
1491,1,positive
1492,0,negative
1493,1,positive
1494,0,negative
1495,0,negative
1496,0,negative
1497,1,positive
1498,1,positive
1499,1,positive
1500,1,positive
1501,0,negative
1502,0,negative
1503,0,negative
1504,1,positive
1505,1,positive
1506,0,negative
1507,0,negative
1508,0,negative
1509,1,positive
1510,1,positive
1511,0,negative
1512,0,negative
1513,1,positive
1514,0,negative
1515,1,positive
1516,0,negative
1517,0,negative
1518,1,positive
1519,1,positive
1520,0,negative
1521,0,negative
1522,0,negative
1523,1,positive
1524,0,negative
1525,0,negative
1526,1,positive
1527,0,negative
1528,0,negative
1529,0,negative
1530,1,positive
1531,0,negative
1532,1,positive
1533,0,negative
1534,1,positive
1535,0,negative
1536,0,negative
1537,1,positive
1538,1,positive
1539,1,positive
1540,1,positive
1541,1,positive
1542,1,positive
1543,0,negative
1544,1,positive
1545,1,positive
1546,1,positive
1547,1,positive
1548,0,negative
1549,1,positive
1550,0,negative
1551,1,positive
1552,1,positive
1553,0,negative
1554,0,negative
1555,0,negative
1556,1,positive
1557,1,positive
1558,0,negative
1559,0,negative
1560,0,negative
1561,1,positive
1562,0,negative
1563,0,negative
1564,1,positive
1565,0,negative
1566,0,negative
1567,1,positive
1568,0,negative
1569,1,positive
1570,1,positive
1571,1,positive
1572,0,negative
1573,1,positive
1574,1,positive
1575,1,positive
1576,0,negative
1577,0,negative
1578,0,negative
1579,0,negative
1580,0,negative
1581,0,negative
1582,0,negative
1583,0,negative
1584,0,negative
1585,0,negative
1586,0,negative
1587,0,negative
1588,0,negative
1589,0,negative
1590,0,negative
1591,1,positive
1592,1,positive
1593,0,negative
1594,0,negative
1595,1,positive
1596,0,negative
1597,0,negative
1598,0,negative
1599,0,negative
1600,1,positive
1601,0,negative
1602,1,positive
1603,1,positive
1604,0,negative
1605,0,negative
1606,0,negative
1607,0,negative
1608,0,negative
1609,0,negative
1610,0,negative
1611,1,positive
1612,0,negative
1613,1,positive
1614,0,negative
1615,0,negative
1616,1,positive
1617,1,positive
1618,0,negative
1619,1,positive
1620,1,positive
1621,1,positive
1622,1,positive
1623,0,negative
1624,1,positive
1625,0,negative
1626,0,negative
1627,1,positive
1628,0,negative
1629,0,negative
1630,1,positive
1631,0,negative
1632,0,negative
1633,1,positive
1634,0,negative
1635,0,negative
1636,1,positive
1637,0,negative
1638,0,negative
1639,1,positive
1640,0,negative
1641,1,positive
1642,0,negative
1643,1,positive
1644,0,negative
1645,1,positive
1646,1,positive
1647,0,negative
1648,1,positive
1649,1,positive
1650,1,positive
1651,1,positive
1652,0,negative
1653,1,positive
1654,0,negative
1655,1,positive
1656,0,negative
1657,1,positive
1658,0,negative
1659,0,negative
1660,0,negative
1661,0,negative
1662,0,negative
1663,1,positive
1664,0,negative
1665,1,positive
1666,1,positive
1667,0,negative
1668,0,negative
1669,1,positive
1670,1,positive
1671,1,positive
1672,0,negative
1673,0,negative
1674,0,negative
1675,1,positive
1676,0,negative
1677,1,positive
1678,0,negative
1679,1,positive
1680,0,negative
1681,1,positive
1682,1,positive
1683,1,positive
1684,1,positive
1685,1,positive
1686,0,negative
1687,1,positive
1688,0,negative
1689,0,negative
1690,1,positive
1691,1,positive
1692,0,negative
1693,1,positive
1694,0,negative
1695,1,positive
1696,1,positive
1697,0,negative
1698,0,negative
1699,0,negative
1700,0,negative
1701,1,positive
1702,0,negative
1703,0,negative
1704,1,positive
1705,1,positive
1706,0,negative
1707,1,positive
1708,0,negative
1709,1,positive
1710,1,positive
1711,1,positive
1712,0,negative
1713,0,negative
1714,0,negative
1715,0,negative
1716,0,negative
1717,0,negative
1718,0,negative
1719,1,positive
1720,1,positive
1721,0,negative
1722,0,negative
1723,0,negative
1724,1,positive
1725,1,positive
1726,0,negative
1727,0,negative
1728,1,positive
1729,0,negative
1730,0,negative
1731,0,negative
1732,1,positive
1733,1,positive
1734,1,positive
1735,0,negative
1736,0,negative
1737,1,positive
1738,0,negative
1739,0,negative
1740,0,negative
1741,0,negative
1742,1,positive
1743,0,negative
1744,1,positive
1745,1,positive
1746,1,positive
1747,0,negative
1748,0,negative
1749,0,negative
1750,1,positive
1751,0,negative
1752,0,negative
1753,1,positive
1754,0,negative
1755,0,negative
1756,1,positive
1757,0,negative
1758,0,negative
1759,0,negative
1760,0,negative
1761,1,positive
1762,1,positive
1763,0,negative
1764,1,positive
1765,1,positive
1766,0,negative
1767,0,negative
1768,1,positive
1769,1,positive
1770,1,positive
1771,1,positive
1772,0,negative
1773,1,positive
1774,0,negative
1775,1,positive
1776,0,negative
1777,0,negative
1778,1,positive
1779,1,positive
1780,0,negative
1781,1,positive
1782,1,positive
1783,0,negative
1784,1,positive
1785,1,positive
1786,0,negative
1787,0,negative
1788,0,negative
1789,0,negative
1790,0,negative
1791,0,negative
1792,1,positive
1793,1,positive
1794,0,negative
1795,0,negative
1796,0,negative
1797,1,positive
1798,0,negative
1799,0,negative
1800,0,negative
1801,1,positive
1802,0,negative
1803,1,positive
1804,1,positive
1805,0,negative
1806,0,negative
1807,0,negative
1808,0,negative
1809,0,negative
1810,0,negative
1811,0,negative
1812,0,negative
1813,1,positive
1814,1,positive
1815,0,negative
1816,1,positive
1817,0,negative
1818,0,negative
1819,0,negative
1820,1,positive
1821,0,negative
1822,0,negative
1823,0,negative
1824,1,positive
1825,1,positive
1826,1,positive
1827,0,negative
1828,0,negative
1829,0,negative
1830,0,negative
1831,0,negative
1832,1,positive
1833,0,negative
1834,1,positive
1835,1,positive
1836,0,negative
1837,1,positive
1838,1,positive
1839,0,negative
1840,0,negative
1841,0,negative
1842,0,negative
1843,1,positive
1844,0,negative
1845,0,negative
1846,0,negative
1847,1,positive
1848,1,positive
1849,1,positive
1850,0,negative
1851,0,negative
1852,1,positive
1853,0,negative
1854,0,negative
1855,1,positive
1856,1,positive
1857,0,negative
1858,1,positive
1859,1,positive
1860,0,negative
1861,1,positive
1862,0,negative
1863,0,negative
1864,0,negative
1865,0,negative
1866,0,negative
1867,0,negative
1868,1,positive
1869,0,negative
1870,0,negative
1871,0,negative
1872,0,negative
1873,0,negative
1874,0,negative
1875,0,negative
1876,1,positive
1877,1,positive
1878,1,positive
1879,0,negative
1880,0,negative
1881,0,negative
1882,0,negative
1883,1,positive
1884,0,negative
1885,0,negative
1886,0,negative
1887,0,negative
1888,0,negative
1889,0,negative
1890,0,negative
1891,0,negative
1892,1,positive
1893,1,positive
1894,0,negative
1895,0,negative
1896,0,negative
1897,0,negative
1898,0,negative
1899,1,positive
1900,0,negative
1901,0,negative
1902,0,negative
1903,0,negative
1904,0,negative
1905,0,negative
1906,0,negative
1907,0,negative
1908,1,positive
1909,0,negative
1910,0,negative
1911,0,negative
1912,1,positive
1913,0,negative
1914,0,negative
1915,1,positive
1916,0,negative
1917,0,negative
1918,0,negative
1919,0,negative
1920,0,negative
1921,0,negative
1922,1,positive
1923,1,positive
1924,0,negative
1925,0,negative
1926,0,negative
1927,1,positive
1928,0,negative
1929,0,negative
1930,0,negative
1931,0,negative
1932,0,negative
1933,0,negative
1934,1,positive
1935,0,negative
1936,0,negative
1937,1,positive
1938,1,positive
1939,1,positive
1940,1,positive
1941,1,positive
1942,1,positive
1943,1,positive
1944,0,negative
1945,0,negative
1946,0,negative
1947,1,positive
1948,0,negative
1949,1,positive
1950,0,negative
1951,0,negative
1952,1,positive
1953,0,negative
1954,0,negative
1955,0,negative
1956,0,negative
1957,1,positive
1958,0,negative
1959,0,negative
1960,1,positive
1961,1,positive
1962,0,negative
1963,0,negative
1964,0,negative
1965,0,negative
1966,0,negative
1967,1,positive
1968,0,negative
1969,0,negative
1970,1,positive
1971,0,negative
1972,0,negative
1973,0,negative
1974,1,positive
1975,1,positive
1976,1,positive
1977,1,positive
1978,0,negative
1979,1,positive
1980,0,negative
1981,0,negative
1982,1,positive
1983,0,negative
1984,0,negative
1985,0,negative
1986,0,negative
1987,0,negative
1988,0,negative
1989,0,negative
1990,0,negative
1991,0,negative
1992,1,positive
1993,0,negative
1994,1,positive
1995,0,negative
1996,0,negative
1997,0,negative
1998,1,positive
1999,0,negative
2000,0,negative
2001,0,negative
2002,0,negative
2003,0,negative
2004,1,positive
2005,0,negative
2006,0,negative
2007,0,negative
2008,0,negative
2009,0,negative
2010,1,positive
2011,0,negative
2012,0,negative
2013,0,negative
2014,1,positive
2015,0,negative
2016,0,negative
2017,1,positive
2018,0,negative
2019,0,negative
2020,1,positive
2021,1,positive
2022,1,positive
2023,0,negative
2024,0,negative
2025,1,positive
2026,0,negative
2027,0,negative
2028,0,negative
2029,0,negative
2030,0,negative
2031,0,negative
2032,0,negative
2033,1,positive
2034,0,negative
2035,0,negative
2036,0,negative
2037,0,negative
2038,0,negative
2039,0,negative
2040,0,negative
2041,1,positive
2042,1,positive
2043,1,positive
2044,0,negative
2045,1,positive
2046,0,negative
2047,0,negative
2048,0,negative
2049,1,positive
2050,0,negative
2051,1,positive
2052,0,negative
2053,0,negative
2054,1,positive
2055,0,negative
2056,0,negative
2057,0,negative
2058,1,positive
2059,0,negative
2060,1,positive
2061,0,negative
2062,1,positive
2063,1,positive
2064,0,negative
2065,0,negative
2066,1,positive
2067,0,negative
2068,0,negative
2069,0,negative
2070,0,negative
2071,1,positive
2072,0,negative
2073,1,positive
2074,1,positive
2075,0,negative
2076,0,negative
2077,1,positive
2078,0,negative
2079,1,positive
2080,0,negative
2081,1,positive
2082,0,negative
2083,0,negative
2084,1,positive
2085,0,negative
2086,0,negative
2087,1,positive
2088,1,positive
2089,0,negative
2090,0,negative
2091,1,positive
2092,0,negative
2093,0,negative
2094,0,negative
2095,0,negative
2096,0,negative
2097,0,negative
2098,0,negative
2099,0,negative
2100,0,negative
2101,1,positive
2102,0,negative
2103,0,negative
2104,0,negative
2105,0,negative
2106,1,positive
2107,0,negative
2108,0,negative
2109,1,positive
2110,0,negative
2111,0,negative
2112,0,negative
2113,0,negative
2114,0,negative
2115,1,positive
2116,0,negative
2117,1,positive
2118,1,positive
2119,1,positive
2120,1,positive
2121,1,positive
2122,0,negative
2123,0,negative
2124,0,negative
2125,1,positive
2126,0,negative
2127,1,positive
2128,1,positive
2129,0,negative
2130,0,negative
2131,0,negative
2132,0,negative
2133,0,negative
2134,0,negative
2135,1,positive
2136,0,negative
2137,0,negative
2138,0,negative
2139,1,positive
2140,0,negative
2141,1,positive
2142,0,negative
2143,0,negative
2144,1,positive
2145,0,negative
2146,1,positive
2147,1,positive
2148,0,negative
2149,0,negative
2150,0,negative
2151,1,positive
2152,0,negative
2153,0,negative
2154,1,positive
2155,0,negative
2156,0,negative
2157,1,positive
2158,0,negative
2159,1,positive
2160,0,negative
2161,0,negative
2162,0,negative
2163,0,negative
2164,1,positive
2165,0,negative
2166,0,negative
2167,1,positive
2168,0,negative
2169,0,negative
2170,0,negative
2171,1,positive
2172,0,negative
2173,0,negative
2174,0,negative
2175,0,negative
2176,0,negative
2177,0,negative
2178,0,negative
2179,1,positive
2180,1,positive
2181,0,negative
2182,1,positive
2183,0,negative
2184,1,positive
2185,0,negative
2186,0,negative
2187,0,negative
2188,0,negative
2189,1,positive
2190,0,negative
2191,0,negative
2192,1,positive
2193,0,negative
2194,0,negative
2195,0,negative
2196,1,positive
2197,0,negative
2198,0,negative
2199,1,positive
2200,0,negative
2201,1,positive
2202,0,negative
2203,0,negative
2204,0,negative
2205,0,negative
2206,0,negative
2207,1,positive
2208,1,positive
2209,1,positive
2210,0,negative
2211,0,negative
2212,0,negative
2213,0,negative
2214,0,negative
2215,0,negative
2216,0,negative
2217,0,negative
2218,0,negative
2219,0,negative
2220,1,positive
2221,1,positive
2222,0,negative
2223,0,negative
2224,0,negative
2225,0,negative
2226,1,positive
2227,1,positive
2228,1,positive
2229,1,positive
2230,0,negative
2231,0,negative
2232,0,negative
2233,0,negative
2234,1,positive
2235,0,negative
2236,1,positive
2237,0,negative
2238,1,positive
2239,1,positive
2240,1,positive
2241,1,positive
2242,1,positive
2243,0,negative
2244,0,negative
2245,0,negative
2246,0,negative
2247,0,negative
2248,0,negative
2249,1,positive
2250,0,negative
2251,0,negative
2252,1,positive
2253,1,positive
2254,1,positive
2255,0,negative
2256,1,positive
2257,1,positive
2258,0,negative
2259,0,negative
2260,1,positive
2261,0,negative
2262,0,negative
2263,0,negative
2264,1,positive
2265,1,positive
2266,0,negative
2267,1,positive
2268,0,negative
2269,1,positive
2270,1,positive
2271,1,positive
2272,0,negative
2273,0,negative
2274,1,positive
2275,0,negative
2276,1,positive
2277,1,positive
2278,1,positive
2279,0,negative
2280,0,negative
2281,0,negative
2282,0,negative
2283,0,negative
2284,1,positive
2285,1,positive
2286,1,positive
2287,0,negative
2288,0,negative
2289,1,positive
2290,0,negative
2291,0,negative
2292,0,negative
2293,0,negative
2294,0,negative
2295,1,positive
2296,0,negative
2297,0,negative
2298,1,positive
2299,0,negative
2300,0,negative
2301,0,negative
2302,1,positive
2303,1,positive
2304,0,negative
2305,0,negative
2306,1,positive
2307,1,positive
2308,0,negative
2309,0,negative
2310,1,positive
2311,0,negative
2312,1,positive
2313,0,negative
2314,1,positive
2315,1,positive
2316,0,negative
2317,1,positive
2318,0,negative
2319,0,negative
2320,1,positive
2321,1,positive
2322,0,negative
2323,0,negative
2324,0,negative
2325,0,negative
2326,0,negative
2327,1,positive
2328,0,negative
2329,1,positive
2330,1,positive
2331,0,negative
2332,0,negative
2333,0,negative
2334,0,negative
2335,0,negative
2336,1,positive
2337,0,negative
2338,0,negative
2339,1,positive
2340,0,negative
2341,0,negative
2342,0,negative
2343,0,negative
2344,1,positive
2345,0,negative
2346,0,negative
2347,0,negative
2348,1,positive
2349,1,positive
2350,0,negative
2351,1,positive
2352,0,negative
2353,1,positive
2354,1,positive
2355,0,negative
2356,0,negative
2357,1,positive
2358,0,negative
2359,1,positive
2360,1,positive
2361,0,negative
2362,0,negative
2363,0,negative
2364,0,negative
2365,0,negative
2366,0,negative
2367,1,positive
2368,1,positive
2369,0,negative
2370,1,positive
2371,0,negative
2372,1,positive
2373,0,negative
2374,1,positive
2375,0,negative
2376,0,negative
2377,0,negative
2378,1,positive
2379,1,positive
2380,0,negative
2381,0,negative
2382,0,negative
2383,1,positive
2384,1,positive
2385,0,negative
2386,0,negative
2387,1,positive
2388,0,negative
2389,0,negative
2390,1,positive
2391,0,negative
2392,1,positive
2393,1,positive
2394,0,negative
2395,1,positive
2396,1,positive
2397,0,negative
2398,1,positive
2399,1,positive
2400,0,negative
2401,0,negative
2402,0,negative
2403,1,positive
2404,1,positive
2405,0,negative
2406,0,negative
2407,1,positive
2408,0,negative
2409,1,positive
2410,0,negative
2411,0,negative
2412,0,negative
2413,0,negative
2414,0,negative
2415,1,positive
2416,0,negative
2417,1,positive
2418,0,negative
2419,1,positive
2420,0,negative
2421,1,positive
2422,0,negative
2423,0,negative
2424,0,negative
2425,1,positive
2426,1,positive
2427,0,negative
2428,0,negative
2429,0,negative
2430,1,positive
2431,1,positive
2432,0,negative
2433,0,negative
2434,1,positive
2435,0,negative
2436,1,positive
2437,1,positive
2438,0,negative
2439,1,positive
2440,0,negative
2441,0,negative
2442,0,negative
2443,0,negative
2444,1,positive
2445,0,negative
2446,0,negative
2447,1,positive
2448,1,positive
2449,1,positive
2450,0,negative
2451,0,negative
2452,0,negative
2453,0,negative
2454,0,negative
2455,0,negative
2456,0,negative
2457,0,negative
2458,0,negative
2459,1,positive
2460,1,positive
2461,0,negative
2462,0,negative
2463,1,positive
2464,0,negative
2465,0,negative
2466,1,positive
2467,1,positive
2468,1,positive
2469,1,positive
2470,1,positive
2471,0,negative
2472,1,positive
2473,0,negative
2474,0,negative
2475,1,positive
2476,1,positive
2477,0,negative
2478,1,positive
2479,0,negative
2480,0,negative
2481,1,positive
2482,0,negative
2483,0,negative
2484,0,negative
2485,1,positive
2486,0,negative
2487,0,negative
2488,1,positive
2489,0,negative
2490,0,negative
2491,0,negative
2492,0,negative
2493,0,negative
2494,0,negative
2495,1,positive
2496,1,positive
2497,1,positive
2498,0,negative
2499,0,negative
2500,0,negative
2501,0,negative
2502,0,negative
2503,0,negative
2504,0,negative
2505,0,negative
2506,1,positive
2507,0,negative
2508,0,negative
2509,0,negative
2510,1,positive
2511,0,negative
2512,0,negative
2513,0,negative
2514,0,negative
2515,1,positive
2516,0,negative
2517,0,negative
2518,1,positive
2519,0,negative
2520,0,negative
2521,0,negative
2522,1,positive
2523,0,negative
2524,0,negative
2525,0,negative
2526,0,negative
2527,1,positive
2528,0,negative
2529,0,negative
2530,0,negative
2531,1,positive
2532,0,negative
2533,1,positive
2534,0,negative
2535,1,positive
2536,1,positive
2537,1,positive
2538,1,positive
2539,0,negative
2540,0,negative
2541,1,positive
2542,1,positive
2543,0,negative
2544,0,negative
2545,0,negative
2546,0,negative
2547,1,positive
2548,1,positive
2549,1,positive
2550,1,positive
2551,1,positive
2552,0,negative
2553,0,negative
2554,0,negative
2555,1,positive
2556,1,positive
2557,1,positive
2558,0,negative
2559,1,positive
2560,1,positive
2561,0,negative
2562,0,negative
2563,0,negative
2564,1,positive
2565,0,negative
2566,0,negative
2567,0,negative
2568,0,negative
2569,0,negative
2570,0,negative
2571,1,positive
2572,0,negative
2573,0,negative
2574,0,negative
2575,1,positive
2576,0,negative
2577,1,positive
2578,0,negative
2579,1,positive
2580,0,negative
2581,0,negative
2582,0,negative
2583,1,positive
2584,1,positive
2585,1,positive
2586,1,positive
2587,0,negative
2588,1,positive
2589,1,positive
2590,0,negative
2591,0,negative
2592,0,negative
2593,1,positive
2594,0,negative
2595,0,negative
2596,1,positive
2597,1,positive
2598,0,negative
2599,1,positive
2600,0,negative
2601,1,positive
2602,1,positive
2603,0,negative
2604,1,positive
2605,0,negative
2606,0,negative
2607,0,negative
2608,0,negative
2609,0,negative
2610,0,negative
2611,1,positive
2612,0,negative
2613,0,negative
2614,1,positive
2615,0,negative
2616,1,positive
2617,1,positive
2618,1,positive
2619,0,negative
2620,0,negative
2621,0,negative
2622,1,positive
2623,1,positive
2624,0,negative
2625,0,negative
2626,0,negative
2627,1,positive
2628,1,positive
2629,1,positive
2630,0,negative
2631,0,negative
2632,0,negative
2633,1,positive
2634,0,negative
2635,0,negative
2636,1,positive
2637,0,negative
2638,0,negative
2639,1,positive
2640,0,negative
2641,1,positive
2642,1,positive
2643,0,negative
2644,0,negative
2645,0,negative
2646,1,positive
2647,1,positive
2648,1,positive
2649,0,negative
2650,0,negative
2651,0,negative
2652,0,negative
2653,0,negative
2654,1,positive
2655,1,positive
2656,0,negative
2657,1,positive
2658,0,negative
2659,0,negative
2660,0,negative
2661,0,negative
2662,0,negative
2663,1,positive
2664,0,negative
2665,1,positive
2666,0,negative
2667,1,positive
2668,0,negative
2669,1,positive
2670,1,positive
2671,1,positive
2672,0,negative
2673,1,positive
2674,0,negative
2675,0,negative
2676,0,negative
2677,0,negative
2678,1,positive
2679,0,negative
2680,0,negative
2681,0,negative
2682,0,negative
2683,1,positive
2684,0,negative
2685,0,negative
2686,0,negative
2687,0,negative
2688,0,negative
2689,0,negative
2690,1,positive
2691,1,positive
2692,1,positive
2693,0,negative
2694,1,positive
2695,0,negative
2696,1,positive
2697,0,negative
2698,0,negative
2699,1,positive
2700,0,negative
2701,0,negative
2702,0,negative
2703,0,negative
2704,0,negative
2705,1,positive
2706,0,negative
2707,1,positive
2708,1,positive
2709,1,positive
2710,1,positive
2711,0,negative
2712,0,negative
2713,1,positive
2714,1,positive
2715,0,negative
2716,0,negative
2717,1,positive
2718,0,negative
2719,1,positive
2720,0,negative
2721,0,negative
2722,0,negative
2723,1,positive
2724,0,negative
2725,1,positive
2726,0,negative
2727,1,positive
2728,1,positive
2729,0,negative
2730,1,positive
2731,0,negative
2732,0,negative
2733,1,positive
2734,0,negative
2735,1,positive
2736,1,positive
2737,0,negative
2738,0,negative
2739,0,negative
2740,0,negative
2741,1,positive
2742,1,positive
2743,1,positive
2744,0,negative
2745,1,positive
2746,1,positive
2747,0,negative
2748,0,negative
2749,0,negative
2750,0,negative
2751,1,positive
2752,1,positive
2753,0,negative
2754,0,negative
2755,1,positive
2756,1,positive
2757,0,negative
2758,1,positive
2759,0,negative
2760,1,positive
2761,0,negative
2762,0,negative
2763,1,positive
2764,0,negative
2765,1,positive
2766,0,negative
2767,1,positive
2768,1,positive
2769,0,negative
2770,0,negative
2771,0,negative
2772,0,negative
2773,0,negative
2774,1,positive
2775,1,positive
2776,0,negative
2777,1,positive
2778,1,positive
2779,1,positive
2780,0,negative
2781,0,negative
2782,0,negative
2783,0,negative
2784,1,positive
2785,1,positive
2786,0,negative
2787,0,negative
2788,1,positive
2789,0,negative
2790,0,negative
2791,0,negative
2792,1,positive
2793,0,negative
2794,0,negative
2795,0,negative
2796,0,negative
2797,0,negative
2798,0,negative
2799,0,negative
2800,0,negative
2801,0,negative
2802,0,negative
2803,0,negative
2804,1,positive
2805,1,positive
2806,0,negative
2807,0,negative
2808,1,positive
2809,0,negative
2810,0,negative
2811,0,negative
2812,0,negative
2813,1,positive
2814,0,negative
2815,0,negative
2816,0,negative
2817,0,negative
2818,0,negative
2819,0,negative
2820,0,negative
2821,1,positive
2822,1,positive
2823,1,positive
2824,0,negative
2825,1,positive
2826,1,positive
2827,0,negative
2828,0,negative
2829,0,negative
2830,0,negative
2831,1,positive
2832,0,negative
2833,1,positive
2834,0,negative
2835,1,positive
2836,0,negative
2837,0,negative
2838,1,positive
2839,1,positive
2840,0,negative
2841,1,positive
2842,1,positive
2843,0,negative
2844,1,positive
2845,1,positive
2846,0,negative
2847,1,positive
2848,0,negative
2849,0,negative
2850,1,positive
2851,0,negative
2852,0,negative
2853,0,negative
2854,0,negative
2855,0,negative
2856,0,negative
2857,1,positive
2858,0,negative
2859,0,negative
2860,1,positive
2861,1,positive
2862,0,negative
2863,0,negative
2864,1,positive
2865,0,negative
2866,0,negative
2867,0,negative
2868,0,negative
2869,1,positive
2870,1,positive
2871,0,negative
2872,0,negative
2873,0,negative
2874,0,negative
2875,1,positive
2876,0,negative
2877,0,negative
2878,0,negative
2879,0,negative
2880,0,negative
2881,0,negative
2882,1,positive
2883,1,positive
2884,0,negative
2885,0,negative
2886,0,negative
2887,0,negative
2888,0,negative
2889,0,negative
2890,0,negative
2891,0,negative
2892,1,positive
2893,1,positive
2894,1,positive
2895,0,negative
2896,1,positive
2897,0,negative
2898,1,positive
2899,1,positive
2900,0,negative
2901,0,negative
2902,0,negative
2903,1,positive
2904,1,positive
2905,1,positive
2906,0,negative
2907,0,negative
2908,0,negative
2909,1,positive
2910,1,positive
2911,0,negative
2912,1,positive
2913,1,positive
2914,1,positive
2915,1,positive
2916,1,positive
2917,0,negative
2918,0,negative
2919,0,negative
2920,0,negative
2921,1,positive
2922,0,negative
2923,1,positive
2924,0,negative
2925,1,positive
2926,0,negative
2927,0,negative
2928,1,positive
2929,1,positive
2930,1,positive
2931,1,positive
2932,0,negative
2933,1,positive
2934,0,negative
2935,1,positive
2936,1,positive
2937,0,negative
2938,0,negative
2939,0,negative
2940,1,positive
2941,0,negative
2942,1,positive
2943,0,negative
2944,0,negative
2945,0,negative
2946,1,positive
2947,0,negative
2948,1,positive
2949,1,positive
2950,0,negative
2951,0,negative
2952,0,negative
2953,1,positive
2954,0,negative
2955,0,negative
2956,0,negative
2957,0,negative
2958,0,negative
2959,0,negative
2960,0,negative
2961,1,positive
2962,0,negative
2963,0,negative
2964,1,positive
2965,0,negative
2966,1,positive
2967,0,negative
2968,0,negative
2969,0,negative
2970,0,negative
2971,1,positive
2972,0,negative
2973,0,negative
2974,0,negative
2975,0,negative
2976,0,negative
2977,0,negative
2978,1,positive
2979,0,negative
2980,1,positive
2981,1,positive
2982,0,negative
2983,0,negative
2984,1,positive
2985,1,positive
2986,0,negative
2987,0,negative
2988,1,positive
2989,0,negative
2990,0,negative
2991,0,negative
2992,0,negative
2993,0,negative
2994,0,negative
2995,0,negative
2996,0,negative
2997,0,negative
2998,1,positive
2999,0,negative
3000,1,positive
3001,0,negative
3002,0,negative
3003,0,negative
3004,0,negative
3005,0,negative
3006,1,positive
3007,0,negative
3008,0,negative
3009,0,negative
3010,0,negative
3011,0,negative
3012,0,negative
3013,0,negative
3014,1,positive
3015,0,negative
3016,0,negative
3017,0,negative
3018,1,positive
3019,0,negative
3020,0,negative
3021,0,negative
3022,1,positive
3023,0,negative
3024,1,positive
3025,0,negative
3026,0,negative
3027,0,negative
3028,1,positive
3029,0,negative
3030,1,positive
3031,1,positive
3032,0,negative
3033,0,negative
3034,0,negative
3035,0,negative
3036,0,negative
3037,1,positive
3038,0,negative
3039,1,positive
3040,0,negative
3041,1,positive
3042,0,negative
3043,0,negative
3044,1,positive
3045,0,negative
3046,0,negative
3047,1,positive
3048,1,positive
3049,0,negative
3050,1,positive
3051,0,negative
3052,0,negative
3053,0,negative
3054,1,positive
3055,1,positive
3056,1,positive
3057,0,negative
3058,1,positive
3059,0,negative
3060,1,positive
3061,0,negative
3062,1,positive
3063,1,positive
3064,0,negative
3065,1,positive
3066,1,positive
3067,1,positive
3068,0,negative
3069,0,negative
3070,1,positive
3071,1,positive
3072,1,positive
3073,0,negative
3074,0,negative
3075,0,negative
3076,1,positive
3077,0,negative
3078,0,negative
3079,0,negative
3080,0,negative
3081,0,negative
3082,0,negative
3083,0,negative
3084,0,negative
3085,1,positive
3086,0,negative
3087,0,negative
3088,1,positive
3089,1,positive
3090,1,positive
3091,0,negative
3092,1,positive
3093,1,positive
3094,0,negative
3095,1,positive
3096,0,negative
3097,0,negative
3098,1,positive
3099,1,positive
3100,0,negative
3101,1,positive
3102,0,negative
3103,0,negative
3104,0,negative
3105,0,negative
3106,1,positive
3107,0,negative
3108,1,positive
3109,0,negative
3110,0,negative
3111,0,negative
3112,0,negative
3113,0,negative
3114,0,negative
3115,1,positive
3116,0,negative
3117,1,positive
3118,1,positive
3119,1,positive
3120,0,negative
3121,1,positive
3122,0,negative
3123,1,positive
3124,0,negative
3125,0,negative
3126,0,negative
3127,1,positive
3128,1,positive
3129,1,positive
3130,0,negative
3131,0,negative
3132,1,positive
3133,0,negative
3134,0,negative
3135,1,positive
3136,1,positive
3137,0,negative
3138,1,positive
3139,0,negative
3140,0,negative
3141,0,negative
3142,0,negative
3143,0,negative
3144,0,negative
3145,0,negative
3146,0,negative
3147,1,positive
3148,1,positive
3149,0,negative
3150,1,positive
3151,0,negative
3152,0,negative
3153,0,negative
3154,1,positive
3155,0,negative
3156,0,negative
3157,1,positive
3158,1,positive
3159,1,positive
3160,0,negative
3161,0,negative
3162,0,negative
3163,0,negative
3164,0,negative
3165,0,negative
3166,1,positive
3167,1,positive
3168,0,negative
3169,0,negative
3170,1,positive
3171,0,negative
3172,0,negative
3173,0,negative
3174,0,negative
3175,0,negative
3176,0,negative
3177,1,positive
3178,0,negative
3179,0,negative
3180,0,negative
3181,0,negative
3182,0,negative
3183,1,positive
3184,0,negative
3185,0,negative
3186,0,negative
3187,0,negative
3188,0,negative
3189,1,positive
3190,0,negative
3191,0,negative
3192,0,negative
3193,0,negative
3194,0,negative
3195,1,positive
3196,0,negative
3197,0,negative
3198,0,negative
3199,1,positive
3200,0,negative
3201,1,positive
3202,0,negative
3203,0,negative
3204,0,negative
3205,1,positive
3206,0,negative
3207,0,negative
3208,0,negative
3209,0,negative
3210,0,negative
3211,1,positive
3212,0,negative
3213,0,negative
3214,0,negative
3215,1,positive
3216,0,negative
3217,1,positive
3218,0,negative
3219,0,negative
3220,0,negative
3221,1,positive
3222,0,negative
3223,0,negative
3224,1,positive
3225,1,positive
3226,0,negative
3227,0,negative
3228,1,positive
3229,0,negative
3230,1,positive
3231,1,positive
3232,1,positive
3233,0,negative
3234,1,positive
3235,1,positive
3236,0,negative
3237,0,negative
3238,0,negative
3239,0,negative
3240,0,negative
3241,0,negative
3242,0,negative
3243,1,positive
3244,1,positive
3245,1,positive
3246,1,positive
3247,0,negative
3248,1,positive
3249,1,positive
3250,1,positive
3251,0,negative
3252,0,negative
3253,1,positive
3254,0,negative
3255,1,positive
3256,0,negative
3257,1,positive
3258,0,negative
3259,1,positive
3260,0,negative
3261,0,negative
3262,0,negative
3263,0,negative
3264,0,negative
3265,0,negative
3266,1,positive
3267,1,positive
3268,0,negative
3269,1,positive
3270,0,negative
3271,1,positive
3272,1,positive
3273,1,positive
3274,0,negative
3275,0,negative
3276,0,negative
3277,1,positive
3278,0,negative
3279,1,positive
3280,0,negative
3281,1,positive
3282,0,negative
3283,1,positive
3284,0,negative
3285,0,negative
3286,0,negative
3287,0,negative
3288,1,positive
3289,1,positive
3290,0,negative
3291,0,negative
3292,0,negative
3293,1,positive
3294,0,negative
3295,0,negative
3296,0,negative
3297,0,negative
3298,0,negative
3299,0,negative
3300,1,positive
3301,0,negative
3302,0,negative
3303,0,negative
3304,0,negative
3305,0,negative
3306,0,negative
3307,0,negative
3308,1,positive
3309,1,positive
3310,0,negative
3311,1,positive
3312,0,negative
3313,1,positive
3314,0,negative
3315,0,negative
3316,0,negative
3317,0,negative
3318,1,positive
3319,1,positive
3320,0,negative
3321,0,negative
3322,1,positive
3323,0,negative
3324,0,negative
3325,1,positive
3326,1,positive
3327,1,positive
3328,1,positive
3329,0,negative
3330,0,negative
3331,1,positive
3332,0,negative
3333,0,negative
3334,1,positive
3335,0,negative
3336,1,positive
3337,0,negative
3338,0,negative
3339,1,positive
3340,1,positive
3341,0,negative
3342,0,negative
3343,1,positive
3344,1,positive
3345,0,negative
3346,1,positive
3347,0,negative
3348,1,positive
3349,1,positive
3350,0,negative
3351,0,negative
3352,0,negative
3353,0,negative
3354,1,positive
3355,0,negative
3356,0,negative
3357,1,positive
3358,0,negative
3359,1,positive
3360,1,positive
3361,0,negative
3362,0,negative
3363,0,negative
3364,1,positive
3365,1,positive
3366,1,positive
3367,0,negative
3368,1,positive
3369,0,negative
3370,0,negative
3371,0,negative
3372,0,negative
3373,1,positive
3374,1,positive
3375,0,negative
3376,0,negative
3377,0,negative
3378,0,negative
3379,0,negative
3380,0,negative
3381,1,positive
3382,0,negative
3383,0,negative
3384,1,positive
3385,0,negative
3386,0,negative
3387,0,negative
3388,1,positive
3389,0,negative
3390,1,positive
3391,0,negative
3392,1,positive
3393,1,positive
3394,0,negative
3395,0,negative
3396,0,negative
3397,0,negative
3398,1,positive
3399,0,negative
3400,0,negative
3401,0,negative
3402,0,negative
3403,0,negative
3404,1,positive
3405,0,negative
3406,0,negative
3407,1,positive
3408,0,negative
3409,1,positive
3410,1,positive
3411,0,negative
3412,0,negative
3413,0,negative
3414,1,positive
3415,0,negative
3416,1,positive
3417,0,negative
3418,0,negative
3419,0,negative
3420,1,positive
3421,1,positive
3422,0,negative
3423,0,negative
3424,0,negative
3425,1,positive
3426,0,negative
3427,0,negative
3428,0,negative
3429,1,positive
3430,0,negative
3431,1,positive
3432,0,negative
3433,0,negative
3434,0,negative
3435,1,positive
3436,1,positive
3437,0,negative
3438,0,negative
3439,0,negative
3440,0,negative
3441,0,negative
3442,0,negative
3443,1,positive
3444,0,negative
3445,0,negative
3446,0,negative
3447,0,negative
3448,1,positive
3449,0,negative
3450,0,negative
3451,0,negative
3452,0,negative
3453,1,positive
3454,1,positive
3455,0,negative
3456,0,negative
3457,0,negative
3458,1,positive
3459,0,negative
3460,1,positive
3461,1,positive
3462,1,positive
3463,0,negative
3464,0,negative
3465,0,negative
3466,0,negative
3467,0,negative
3468,1,positive
3469,0,negative
3470,0,negative
3471,1,positive
3472,1,positive
3473,0,negative
3474,1,positive
3475,0,negative
3476,1,positive
3477,0,negative
3478,0,negative
3479,0,negative
3480,0,negative
3481,0,negative
3482,0,negative
3483,1,positive
3484,0,negative
3485,0,negative
3486,0,negative
3487,1,positive
3488,1,positive
3489,0,negative
3490,1,positive
3491,0,negative
3492,1,positive
3493,0,negative
3494,1,positive
3495,0,negative
3496,0,negative
3497,1,positive
3498,1,positive
3499,0,negative
3500,0,negative
3501,1,positive
3502,0,negative
3503,0,negative
3504,1,positive
3505,1,positive
3506,1,positive
3507,0,negative
3508,1,positive
3509,1,positive
3510,0,negative
3511,1,positive
3512,0,negative
3513,1,positive
3514,0,negative
3515,0,negative
3516,0,negative
3517,0,negative
3518,0,negative
3519,1,positive
3520,0,negative
3521,0,negative
3522,1,positive
3523,1,positive
3524,1,positive
3525,0,negative
3526,0,negative
3527,0,negative
3528,1,positive
3529,0,negative
3530,0,negative
3531,1,positive
3532,0,negative
3533,1,positive
3534,0,negative
3535,1,positive
3536,1,positive
3537,0,negative
3538,0,negative
3539,0,negative
3540,0,negative
3541,0,negative
3542,0,negative
3543,1,positive
3544,1,positive
3545,0,negative
3546,0,negative
3547,0,negative
3548,1,positive
3549,0,negative
3550,0,negative
3551,1,positive
3552,1,positive
3553,1,positive
3554,1,positive
3555,0,negative
3556,0,negative
3557,1,positive
3558,0,negative
3559,0,negative
3560,1,positive
3561,1,positive
3562,0,negative
3563,0,negative
3564,0,negative
3565,1,positive
3566,0,negative
3567,1,positive
3568,1,positive
3569,0,negative
3570,0,negative
3571,1,positive
3572,0,negative
3573,0,negative
3574,1,positive
3575,0,negative
3576,1,positive
3577,0,negative
3578,0,negative
3579,1,positive
3580,0,negative
3581,0,negative
3582,1,positive
3583,0,negative
3584,0,negative
3585,0,negative
3586,0,negative
3587,0,negative
3588,0,negative
3589,1,positive
3590,0,negative
3591,0,negative
3592,1,positive
3593,1,positive
3594,0,negative
3595,1,positive
3596,1,positive
3597,0,negative
3598,0,negative
3599,1,positive
3600,1,positive
3601,1,positive
3602,0,negative
3603,0,negative
3604,0,negative
3605,1,positive
3606,0,negative
3607,1,positive
3608,0,negative
3609,1,positive
3610,0,negative
3611,1,positive
3612,0,negative
3613,1,positive
3614,0,negative
3615,0,negative
3616,0,negative
3617,0,negative
3618,1,positive
3619,1,positive
3620,1,positive
3621,1,positive
3622,0,negative
3623,0,negative
3624,1,positive
3625,1,positive
3626,1,positive
3627,0,negative
3628,0,negative
3629,1,positive
3630,0,negative
3631,1,positive
3632,0,negative
3633,1,positive
3634,0,negative
3635,1,positive
3636,1,positive
3637,0,negative
3638,0,negative
3639,0,negative
3640,0,negative
3641,0,negative
3642,0,negative
3643,0,negative
3644,1,positive
3645,0,negative
3646,0,negative
3647,0,negative
3648,0,negative
3649,1,positive
3650,1,positive
3651,0,negative
3652,0,negative
3653,1,positive
3654,1,positive
3655,0,negative
3656,0,negative
3657,1,positive
3658,0,negative
3659,1,positive
3660,0,negative
3661,0,negative
3662,1,positive
3663,1,positive
3664,0,negative
3665,0,negative
3666,0,negative
3667,1,positive
3668,1,positive
3669,1,positive
3670,0,negative
3671,1,positive
3672,0,negative
3673,0,negative
3674,0,negative
3675,0,negative
3676,0,negative
3677,0,negative
3678,0,negative
3679,0,negative
3680,0,negative
3681,0,negative
3682,0,negative
3683,0,negative
3684,0,negative
3685,0,negative
3686,1,positive
3687,0,negative
3688,1,positive
3689,1,positive
3690,0,negative
3691,1,positive
3692,0,negative
3693,0,negative
3694,1,positive
3695,0,negative
3696,0,negative
3697,1,positive
3698,0,negative
3699,0,negative
3700,1,positive
3701,0,negative
3702,1,positive
3703,0,negative
3704,0,negative
3705,0,negative
3706,1,positive
3707,0,negative
3708,0,negative
3709,0,negative
3710,0,negative
3711,0,negative
3712,1,positive
3713,0,negative
3714,0,negative
3715,0,negative
3716,1,positive
3717,1,positive
3718,0,negative
3719,1,positive
3720,0,negative
3721,0,negative
3722,1,positive
3723,0,negative
3724,0,negative
3725,0,negative
3726,1,positive
3727,0,negative
3728,1,positive
3729,0,negative
3730,0,negative
3731,1,positive
3732,0,negative
3733,1,positive
3734,0,negative
3735,0,negative
3736,0,negative
3737,0,negative
3738,1,positive
3739,0,negative
3740,0,negative
3741,1,positive
3742,1,positive
3743,0,negative
3744,0,negative
3745,1,positive
3746,0,negative
3747,0,negative
3748,0,negative
3749,1,positive
3750,0,negative
3751,0,negative
3752,0,negative
3753,0,negative
3754,0,negative
3755,0,negative
3756,0,negative
3757,0,negative
3758,1,positive
3759,1,positive
3760,0,negative
3761,0,negative
3762,0,negative
3763,0,negative
3764,0,negative
3765,0,negative
3766,0,negative
3767,0,negative
3768,0,negative
3769,1,positive
3770,1,positive
3771,1,positive
3772,0,negative
3773,0,negative
3774,0,negative
3775,0,negative
3776,1,positive
3777,0,negative
3778,0,negative
3779,0,negative
3780,0,negative
3781,1,positive
3782,0,negative
3783,1,positive
3784,0,negative
3785,0,negative
3786,1,positive
3787,0,negative
3788,0,negative
3789,0,negative
3790,0,negative
3791,1,positive
3792,0,negative
3793,0,negative
3794,1,positive
3795,0,negative
3796,0,negative
3797,0,negative
3798,0,negative
3799,0,negative
3800,1,positive
3801,1,positive
3802,0,negative
3803,0,negative
3804,1,positive
3805,1,positive
3806,0,negative
3807,1,positive
3808,1,positive
3809,1,positive
3810,0,negative
3811,1,positive
3812,1,positive
3813,0,negative
3814,0,negative
3815,0,negative
3816,0,negative
3817,1,positive
3818,1,positive
3819,1,positive
3820,1,positive
3821,1,positive
3822,0,negative
3823,1,positive
3824,1,positive
3825,1,positive
3826,1,positive
3827,1,positive
3828,0,negative
3829,0,negative
3830,0,negative
3831,0,negative
3832,1,positive
3833,0,negative
3834,0,negative
3835,1,positive
3836,1,positive
3837,0,negative
3838,0,negative
3839,0,negative
3840,1,positive
3841,0,negative
3842,0,negative
3843,0,negative
3844,0,negative
3845,1,positive
3846,1,positive
3847,1,positive
3848,0,negative
3849,1,positive
3850,0,negative
3851,0,negative
3852,0,negative
3853,0,negative
3854,0,negative
3855,0,negative
3856,0,negative
3857,1,positive
3858,0,negative
3859,0,negative
3860,0,negative
3861,0,negative
3862,0,negative
3863,1,positive
3864,1,positive
3865,0,negative
3866,0,negative
3867,0,negative
3868,0,negative
3869,0,negative
3870,0,negative
3871,1,positive
3872,0,negative
3873,1,positive
3874,0,negative
3875,0,negative
3876,0,negative
3877,1,positive
3878,1,positive
3879,0,negative
3880,0,negative
3881,0,negative
3882,0,negative
3883,0,negative
3884,1,positive
3885,0,negative
3886,0,negative
3887,1,positive
3888,0,negative
3889,1,positive
3890,0,negative
3891,0,negative
3892,1,positive
3893,1,positive
3894,0,negative
3895,1,positive
3896,0,negative
3897,0,negative
3898,0,negative
3899,1,positive
3900,1,positive
3901,1,positive
3902,0,negative
3903,0,negative
3904,1,positive
3905,1,positive
3906,1,positive
3907,1,positive
3908,1,positive
3909,1,positive
3910,1,positive
3911,0,negative
3912,0,negative
3913,1,positive
3914,1,positive
3915,0,negative
3916,1,positive
3917,0,negative
3918,1,positive
3919,0,negative
3920,0,negative
3921,0,negative
3922,0,negative
3923,0,negative
3924,1,positive
3925,0,negative
3926,1,positive
3927,1,positive
3928,0,negative
3929,1,positive
3930,0,negative
3931,0,negative
3932,0,negative
3933,0,negative
3934,0,negative
3935,1,positive
3936,0,negative
3937,0,negative
3938,1,positive
3939,0,negative
3940,0,negative
3941,0,negative
3942,0,negative
3943,0,negative
3944,1,positive
3945,0,negative
3946,0,negative
3947,0,negative
3948,1,positive
3949,0,negative
3950,1,positive
3951,0,negative
3952,0,negative
3953,0,negative
3954,0,negative
3955,0,negative
3956,0,negative
3957,0,negative
3958,1,positive
3959,0,negative
3960,0,negative
3961,0,negative
3962,0,negative
3963,1,positive
3964,1,positive
3965,0,negative
3966,1,positive
3967,0,negative
3968,0,negative
3969,0,negative
3970,1,positive
3971,0,negative
3972,0,negative
3973,1,positive
3974,1,positive
3975,1,positive
3976,1,positive
3977,0,negative
3978,0,negative
3979,1,positive
3980,0,negative
3981,1,positive
3982,0,negative
3983,0,negative
3984,0,negative
3985,0,negative
3986,1,positive
3987,1,positive
3988,1,positive
3989,1,positive
3990,0,negative
3991,0,negative
3992,0,negative
3993,0,negative
3994,0,negative
3995,1,positive
3996,0,negative
3997,1,positive
3998,1,positive
3999,0,negative
4000,0,negative
4001,1,positive
4002,0,negative
4003,0,negative
4004,0,negative
4005,0,negative
4006,0,negative
4007,0,negative
4008,0,negative
4009,0,negative
4010,1,positive
4011,1,positive
4012,0,negative
4013,0,negative
4014,0,negative
4015,0,negative
4016,1,positive
4017,0,negative
4018,1,positive
4019,1,positive
4020,0,negative
4021,1,positive
4022,0,negative
4023,1,positive
4024,0,negative
4025,0,negative
4026,0,negative
4027,1,positive
4028,0,negative
4029,1,positive
4030,1,positive
4031,0,negative
4032,0,negative
4033,0,negative
4034,0,negative
4035,0,negative
4036,0,negative
4037,0,negative
4038,1,positive
4039,0,negative
4040,0,negative
4041,1,positive
4042,0,negative
4043,1,positive
4044,0,negative
4045,1,positive
4046,0,negative
4047,0,negative
4048,0,negative
4049,1,positive
4050,0,negative
4051,0,negative
4052,1,positive
4053,0,negative
4054,1,positive
4055,0,negative
4056,1,positive
4057,0,negative
4058,1,positive
4059,0,negative
4060,0,negative
4061,0,negative
4062,0,negative
4063,0,negative
4064,1,positive
4065,0,negative
4066,0,negative
4067,0,negative
4068,1,positive
4069,0,negative
4070,1,positive
4071,0,negative
4072,1,positive
4073,0,negative
4074,1,positive
4075,1,positive
4076,1,positive
4077,1,positive
4078,0,negative
4079,0,negative
4080,0,negative
4081,1,positive
4082,1,positive
4083,0,negative
4084,0,negative
4085,0,negative
4086,0,negative
4087,1,positive
4088,1,positive
4089,0,negative
4090,0,negative
4091,0,negative
4092,0,negative
4093,0,negative
4094,1,positive
4095,1,positive
4096,0,negative
4097,0,negative
4098,0,negative
4099,0,negative
4100,0,negative
4101,0,negative
4102,0,negative
4103,0,negative
4104,0,negative
4105,1,positive
4106,0,negative
4107,0,negative
4108,0,negative
4109,1,positive
4110,1,positive
4111,0,negative
4112,0,negative
4113,1,positive
4114,0,negative
4115,0,negative
4116,0,negative
4117,0,negative
4118,0,negative
4119,0,negative
4120,0,negative
4121,1,positive
4122,0,negative
4123,0,negative
4124,0,negative
4125,1,positive
4126,0,negative
4127,0,negative
4128,0,negative
4129,1,positive
4130,1,positive
4131,0,negative
4132,1,positive
4133,1,positive
4134,1,positive
4135,1,positive
4136,1,positive
4137,0,negative
4138,0,negative
4139,0,negative
4140,0,negative
4141,1,positive
4142,1,positive
4143,1,positive
4144,1,positive
4145,1,positive
4146,0,negative
4147,0,negative
4148,0,negative
4149,1,positive
4150,1,positive
4151,0,negative
4152,0,negative
4153,0,negative
4154,1,positive
4155,0,negative
4156,0,negative
4157,0,negative
4158,1,positive
4159,0,negative
4160,1,positive
4161,0,negative
4162,1,positive
4163,1,positive
4164,0,negative
4165,0,negative
4166,0,negative
4167,0,negative
4168,1,positive
4169,1,positive
4170,0,negative
4171,0,negative
4172,1,positive
4173,1,positive
4174,1,positive
4175,1,positive
4176,0,negative
4177,1,positive
4178,1,positive
4179,1,positive
4180,1,positive
4181,1,positive
4182,0,negative
4183,0,negative
4184,0,negative
4185,0,negative
4186,1,positive
4187,1,positive
4188,0,negative
4189,0,negative
4190,0,negative
4191,1,positive
4192,0,negative
4193,0,negative
4194,1,positive
4195,0,negative
4196,0,negative
4197,1,positive
4198,0,negative
4199,0,negative
4200,1,positive
4201,0,negative
4202,1,positive
4203,1,positive
4204,0,negative
4205,0,negative
4206,1,positive
4207,0,negative
4208,0,negative
4209,0,negative
4210,0,negative
4211,1,positive
4212,1,positive
4213,1,positive
4214,1,positive
4215,0,negative
4216,0,negative
4217,0,negative
4218,1,positive
4219,1,positive
4220,1,positive
4221,0,negative
4222,0,negative
4223,1,positive
4224,1,positive
4225,1,positive
4226,0,negative
4227,0,negative
4228,0,negative
4229,1,positive
4230,0,negative
4231,0,negative
4232,0,negative
4233,0,negative
4234,1,positive
4235,0,negative
4236,0,negative
4237,1,positive
4238,1,positive
4239,0,negative
4240,1,positive
4241,1,positive
4242,1,positive
4243,1,positive
4244,1,positive
4245,0,negative
4246,0,negative
4247,0,negative
4248,1,positive
4249,1,positive
4250,1,positive
4251,1,positive
4252,1,positive
4253,0,negative
4254,1,positive
4255,1,positive
4256,0,negative
4257,1,positive
4258,0,negative
4259,0,negative
4260,0,negative
4261,0,negative
4262,0,negative
4263,0,negative
4264,1,positive
4265,1,positive
4266,1,positive
4267,1,positive
4268,1,positive
4269,1,positive
4270,1,positive
4271,0,negative
4272,0,negative
4273,1,positive
4274,0,negative
4275,1,positive
4276,0,negative
4277,0,negative
4278,0,negative
4279,0,negative
4280,0,negative
4281,0,negative
4282,0,negative
4283,0,negative
4284,0,negative
4285,0,negative
4286,0,negative
4287,0,negative
4288,0,negative
4289,1,positive
4290,1,positive
4291,1,positive
4292,0,negative
4293,0,negative
4294,0,negative
4295,0,negative
4296,1,positive
4297,1,positive
4298,0,negative
4299,0,negative
4300,0,negative
4301,0,negative
4302,0,negative
4303,0,negative
4304,1,positive
4305,0,negative
4306,1,positive
4307,0,negative
4308,1,positive
4309,1,positive
4310,1,positive
4311,0,negative
4312,0,negative
4313,0,negative
4314,0,negative
4315,0,negative
4316,1,positive
4317,1,positive
4318,0,negative
4319,0,negative
4320,1,positive
4321,0,negative
4322,1,positive
4323,0,negative
4324,1,positive
4325,0,negative
4326,0,negative
4327,0,negative
4328,0,negative
4329,0,negative
4330,0,negative
4331,1,positive
4332,0,negative
4333,1,positive
4334,0,negative
4335,0,negative
4336,0,negative
4337,1,positive
4338,0,negative
4339,1,positive
4340,1,positive
4341,0,negative
4342,0,negative
4343,0,negative
4344,0,negative
4345,0,negative
4346,0,negative
4347,1,positive
4348,1,positive
4349,1,positive
4350,1,positive
4351,0,negative
4352,1,positive
4353,0,negative
4354,1,positive
4355,1,positive
4356,0,negative
4357,1,positive
4358,0,negative
4359,1,positive
4360,0,negative
4361,0,negative
4362,1,positive
4363,0,negative
4364,0,negative
4365,1,positive
4366,1,positive
4367,1,positive
4368,0,negative
4369,0,negative
4370,0,negative
4371,0,negative
4372,0,negative
4373,0,negative
4374,0,negative
4375,1,positive
4376,0,negative
4377,1,positive
4378,1,positive
4379,0,negative
4380,0,negative
4381,0,negative
4382,0,negative
4383,0,negative
4384,0,negative
4385,1,positive
4386,0,negative
4387,0,negative
4388,1,positive
4389,0,negative
4390,1,positive
4391,1,positive
4392,0,negative
4393,1,positive
4394,1,positive
4395,1,positive
4396,1,positive
4397,0,negative
4398,1,positive
4399,0,negative
4400,0,negative
4401,0,negative
4402,0,negative
4403,1,positive
4404,0,negative
4405,0,negative
4406,1,positive
4407,0,negative
4408,0,negative
4409,1,positive
4410,1,positive
4411,1,positive
4412,1,positive
4413,0,negative
4414,1,positive
4415,1,positive
4416,0,negative
4417,0,negative
4418,1,positive
4419,0,negative
4420,0,negative
4421,0,negative
4422,0,negative
4423,0,negative
4424,0,negative
4425,1,positive
4426,0,negative
4427,0,negative
4428,0,negative
4429,1,positive
4430,0,negative
4431,1,positive
4432,0,negative
4433,0,negative
4434,1,positive
4435,0,negative
4436,0,negative
4437,0,negative
4438,1,positive
4439,1,positive
4440,0,negative
4441,0,negative
4442,1,positive
4443,0,negative
4444,0,negative
4445,0,negative
4446,0,negative
4447,1,positive
4448,0,negative
4449,0,negative
4450,1,positive
4451,0,negative
4452,0,negative
4453,1,positive
4454,1,positive
4455,0,negative
4456,1,positive
4457,1,positive
4458,1,positive
4459,0,negative
4460,0,negative
4461,0,negative
4462,0,negative
4463,1,positive
4464,1,positive
4465,1,positive
4466,1,positive
4467,1,positive
4468,0,negative
4469,0,negative
4470,0,negative
4471,0,negative
4472,0,negative
4473,0,negative
4474,0,negative
4475,0,negative
4476,1,positive
4477,1,positive
4478,0,negative
4479,0,negative
4480,0,negative
4481,1,positive
4482,0,negative
4483,0,negative
4484,1,positive
4485,0,negative
4486,0,negative
4487,1,positive
4488,0,negative
4489,0,negative
4490,0,negative
4491,0,negative
4492,1,positive
4493,0,negative
4494,0,negative
4495,0,negative
4496,1,positive
4497,0,negative
4498,0,negative
4499,0,negative
4500,0,negative
4501,1,positive
4502,0,negative
4503,0,negative
4504,0,negative
4505,1,positive
4506,0,negative
4507,0,negative
4508,1,positive
4509,0,negative
4510,1,positive
4511,0,negative
4512,1,positive
4513,0,negative
4514,1,positive
4515,0,negative
4516,0,negative
4517,1,positive
4518,0,negative
4519,1,positive
4520,1,positive
4521,0,negative
4522,0,negative
4523,0,negative
4524,1,positive
4525,0,negative
4526,1,positive
4527,0,negative
4528,1,positive
4529,0,negative
4530,1,positive
4531,0,negative
4532,0,negative
4533,0,negative
4534,1,positive
4535,1,positive
4536,1,positive
4537,0,negative
4538,1,positive
4539,0,negative
4540,0,negative
4541,0,negative
4542,0,negative
4543,0,negative
4544,1,positive
4545,0,negative
4546,1,positive
4547,0,negative
4548,0,negative
4549,1,positive
4550,1,positive
4551,0,negative
4552,1,positive
4553,0,negative
4554,1,positive
4555,0,negative
4556,0,negative
4557,0,negative
4558,1,positive
4559,1,positive
4560,0,negative
4561,0,negative
4562,1,positive
4563,1,positive
4564,0,negative
4565,0,negative
4566,1,positive
4567,0,negative
4568,0,negative
4569,0,negative
4570,0,negative
4571,1,positive
4572,1,positive
4573,0,negative
4574,1,positive
4575,1,positive
4576,1,positive
4577,0,negative
4578,0,negative
4579,1,positive
4580,0,negative
4581,0,negative
4582,1,positive
4583,1,positive
4584,0,negative
4585,1,positive
4586,1,positive
4587,1,positive
4588,0,negative
4589,1,positive
4590,0,negative
4591,1,positive
4592,1,positive
4593,0,negative
4594,0,negative
4595,0,negative
4596,1,positive
4597,0,negative
4598,1,positive
4599,0,negative
4600,0,negative
4601,0,negative
4602,1,positive
4603,0,negative
4604,0,negative
4605,0,negative
4606,0,negative
4607,0,negative
4608,1,positive
4609,0,negative
4610,0,negative
4611,0,negative
4612,0,negative
4613,0,negative
4614,0,negative
4615,0,negative
4616,0,negative
4617,1,positive
4618,0,negative
4619,1,positive
4620,0,negative
4621,0,negative
4622,1,positive
4623,1,positive
4624,0,negative
4625,0,negative
4626,0,negative
4627,0,negative
4628,1,positive
4629,1,positive
4630,1,positive
4631,0,negative
4632,0,negative
4633,0,negative
4634,1,positive
4635,0,negative
4636,0,negative
4637,0,negative
4638,1,positive
4639,0,negative
4640,1,positive
4641,1,positive
4642,0,negative
4643,1,positive
4644,1,positive
4645,0,negative
4646,0,negative
4647,0,negative
4648,0,negative
4649,0,negative
4650,1,positive
4651,1,positive
4652,0,negative
4653,1,positive
4654,0,negative
4655,1,positive
4656,1,positive
4657,0,negative
4658,1,positive
4659,1,positive
4660,0,negative
4661,1,positive
4662,1,positive
4663,0,negative
4664,0,negative
4665,0,negative
4666,0,negative
4667,1,positive
4668,1,positive
4669,1,positive
4670,0,negative
4671,1,positive
4672,0,negative
4673,1,positive
4674,1,positive
4675,0,negative
4676,0,negative
4677,0,negative
4678,1,positive
4679,1,positive
4680,0,negative
4681,1,positive
4682,0,negative
4683,1,positive
4684,0,negative
4685,1,positive
4686,1,positive
4687,0,negative
4688,1,positive
4689,1,positive
4690,0,negative
4691,0,negative
4692,1,positive
4693,1,positive
4694,1,positive
4695,0,negative
4696,0,negative
4697,0,negative
4698,0,negative
4699,1,positive
4700,0,negative
4701,0,negative
4702,0,negative
4703,0,negative
4704,0,negative
4705,0,negative
4706,0,negative
4707,1,positive
4708,0,negative
4709,0,negative
4710,1,positive
4711,0,negative
4712,0,negative
4713,1,positive
4714,0,negative
4715,0,negative
4716,0,negative
4717,0,negative
4718,0,negative
4719,0,negative
4720,0,negative
4721,0,negative
4722,0,negative
4723,0,negative
4724,0,negative
4725,1,positive
4726,0,negative
4727,1,positive
4728,1,positive
4729,0,negative
4730,1,positive
4731,1,positive
4732,1,positive
4733,0,negative
4734,0,negative
4735,1,positive
4736,1,positive
4737,0,negative
4738,0,negative
4739,1,positive
4740,0,negative
4741,0,negative
4742,1,positive
4743,0,negative
4744,0,negative
4745,0,negative
4746,1,positive
4747,0,negative
4748,0,negative
4749,0,negative
4750,1,positive
4751,1,positive
4752,0,negative
4753,0,negative
4754,0,negative
4755,0,negative
4756,0,negative
4757,0,negative
4758,0,negative
4759,1,positive
4760,0,negative
4761,0,negative
4762,1,positive
4763,1,positive
4764,0,negative
4765,1,positive
4766,0,negative
4767,0,negative
4768,1,positive
4769,0,negative
4770,1,positive
4771,0,negative
4772,0,negative
4773,0,negative
4774,0,negative
4775,0,negative
4776,1,positive
4777,0,negative
4778,1,positive
4779,0,negative
4780,1,positive
4781,0,negative
4782,0,negative
4783,0,negative
4784,1,positive
4785,0,negative
4786,0,negative
4787,0,negative
4788,1,positive
4789,0,negative
4790,0,negative
4791,0,negative
4792,0,negative
4793,0,negative
4794,1,positive
4795,0,negative
4796,0,negative
4797,0,negative
4798,1,positive
4799,0,negative
4800,0,negative
4801,0,negative
4802,1,positive
4803,0,negative
4804,0,negative
4805,1,positive
4806,1,positive
4807,1,positive
4808,1,positive
4809,1,positive
4810,1,positive
4811,0,negative
4812,1,positive
4813,1,positive
4814,0,negative
4815,1,positive
4816,0,negative
4817,1,positive
4818,0,negative
4819,0,negative
4820,0,negative
4821,1,positive
4822,0,negative
4823,1,positive
4824,1,positive
4825,0,negative
4826,1,positive
4827,0,negative
4828,0,negative
4829,1,positive
4830,0,negative
4831,0,negative
4832,0,negative
4833,0,negative
4834,1,positive
4835,0,negative
4836,0,negative
4837,0,negative
4838,1,positive
4839,1,positive
4840,0,negative
4841,0,negative
4842,0,negative
4843,1,positive
4844,1,positive
4845,1,positive
4846,0,negative
4847,0,negative
4848,0,negative
4849,0,negative
4850,0,negative
4851,0,negative
4852,0,negative
4853,0,negative
4854,0,negative
4855,0,negative
4856,0,negative
4857,1,positive
4858,0,negative
4859,0,negative
4860,0,negative
4861,0,negative
4862,0,negative
4863,0,negative
4864,1,positive
4865,1,positive
4866,0,negative
4867,0,negative
4868,0,negative
4869,0,negative
4870,0,negative
4871,1,positive
4872,0,negative
4873,0,negative
4874,1,positive
4875,0,negative
4876,0,negative
4877,0,negative
4878,1,positive
4879,0,negative
4880,1,positive
4881,0,negative
4882,0,negative
4883,1,positive
4884,0,negative
4885,0,negative
4886,0,negative
4887,1,positive
4888,0,negative
4889,1,positive
4890,0,negative
4891,1,positive
4892,1,positive
4893,0,negative
4894,1,positive
4895,0,negative
4896,0,negative
4897,0,negative
4898,0,negative
4899,0,negative
4900,0,negative
4901,0,negative
4902,0,negative
4903,0,negative
4904,1,positive
4905,1,positive
4906,1,positive
4907,0,negative
4908,0,negative
4909,0,negative
4910,1,positive
4911,0,negative
4912,1,positive
4913,0,negative
4914,0,negative
4915,0,negative
4916,0,negative
4917,0,negative
4918,0,negative
4919,1,positive
4920,0,negative
4921,0,negative
4922,1,positive
4923,1,positive
4924,0,negative
4925,1,positive
4926,0,negative
4927,0,negative
4928,1,positive
4929,1,positive
4930,0,negative
4931,0,negative
4932,0,negative
4933,1,positive
4934,1,positive
4935,1,positive
4936,0,negative
4937,0,negative
4938,0,negative
4939,1,positive
4940,0,negative
4941,0,negative
4942,1,positive
4943,1,positive
4944,0,negative
4945,0,negative
4946,0,negative
4947,0,negative
4948,0,negative
4949,1,positive
4950,1,positive
4951,0,negative
4952,0,negative
4953,0,negative
4954,0,negative
4955,0,negative
4956,0,negative
4957,0,negative
4958,1,positive
4959,1,positive
4960,0,negative
4961,0,negative
4962,1,positive
4963,1,positive
4964,0,negative
4965,0,negative
4966,1,positive
4967,1,positive
4968,0,negative
4969,1,positive
4970,1,positive
4971,1,positive
4972,0,negative
4973,1,positive
4974,0,negative
4975,0,negative
4976,0,negative
4977,0,negative
4978,0,negative
4979,1,positive
4980,1,positive
4981,0,negative
4982,0,negative
4983,0,negative
4984,0,negative
4985,0,negative
4986,0,negative
4987,0,negative
4988,1,positive
4989,1,positive
4990,0,negative
4991,1,positive
4992,0,negative
4993,0,negative
4994,0,negative
4995,1,positive
4996,1,positive
4997,0,negative
4998,1,positive
4999,0,negative
5000,1,positive
5001,1,positive
5002,1,positive
5003,1,positive
5004,0,negative
5005,0,negative
5006,0,negative
5007,1,positive
5008,0,negative
5009,0,negative
5010,0,negative
5011,0,negative
5012,0,negative
5013,0,negative
5014,0,negative
5015,0,negative
5016,0,negative
